<?xml version="1.0" encoding="UTF-8"?>
<project version="4">
  <component name="ChangeListManager">
    <list default="true" id="b87f43bf-6f59-407d-8055-9eac8e8f3555" name="Changes" comment="" />
    <option name="SHOW_DIALOG" value="false" />
    <option name="HIGHLIGHT_CONFLICTS" value="true" />
    <option name="HIGHLIGHT_NON_ACTIVE_CHANGELIST" value="false" />
    <option name="LAST_RESOLUTION" value="IGNORE" />
  </component>
  <component name="ProjectColorInfo"><![CDATA[{
  "associatedIndex": 5
}]]></component>
  <component name="ProjectId" id="32XHY6N2Pw28B1YzHwXgfqCfYtL" />
  <component name="ProjectViewState">
    <option name="showLibraryContents" value="true" />
  </component>
  <component name="PropertiesComponent"><![CDATA[{
  "keyToString": {
    "ModuleVcsDetector.initialDetectionPerformed": "true",
    "RunOnceActivity.ShowReadmeOnStart": "true",
    "kotlin-language-version-configured": "true"
  }
}]]></component>
  <component name="TaskManager">
    <task active="true" id="Default" summary="Default task">
      <changelist id="b87f43bf-6f59-407d-8055-9eac8e8f3555" name="Changes" comment="" />
      <created>1757560041929</created>
      <option name="number" value="Default" />
      <option name="presentableId" value="Default" />
      <updated>1757560041929</updated>
    </task>
    <servers />
  </component>
</project>